paper_code,title,level
BT,Business & Technology,Applied Knowledge
MA,Management Accounting,Applied Knowledge
FA,Financial Accounting,Applied Knowledge
LW,Corporate and Business Law,Applied Skills
PM,Performance Management,Applied Skills
TX,Taxation,Applied Skills
FR,Financial Reporting,Applied Skills
AA,Audit and Assurance,Applied Skills
FM,Financial Management,Applied Skills
SBL,Strategic Business Leader,Strategic Professional (Essentials)
SBR,Strategic Business Reporting,Strategic Professional (Essentials)
AFM,Advanced Financial Management,Strategic Professional (Options)
APM,Advanced Performance Management,Strategic Professional (Options)
ATX,Advanced Taxation,Strategic Professional (Options)
AAA,Advanced Audit and Assurance,Strategic Professional (Options)
