paper_code,year,session,note
BT,2018,Sep/Dec,Metadata only; refer to ACCA official site for papers.
BT,2019,Sep/Dec,Metadata only; refer to ACCA official site for papers.
BT,2020,Mar/Jun,Metadata only; refer to ACCA official site for papers.
BT,2021,Mar/Jun,Metadata only; refer to ACCA official site for papers.
BT,2022,Sep/Dec,Metadata only; refer to ACCA official site for papers.
BT,2023,Sep/Dec,Metadata only; refer to ACCA official site for papers.
BT,2024,Mar/Jun,Metadata only; refer to ACCA official site for papers.
MA,2018,Sep/Dec,Metadata only; refer to ACCA official site for papers.
MA,2019,Mar/Jun,Metadata only; refer to ACCA official site for papers.
MA,2020,Mar/Jun,Metadata only; refer to ACCA official site for papers.
MA,2021,Mar/Jun,Metadata only; refer to ACCA official site for papers.
MA,2022,Sep/Dec,Metadata only; refer to ACCA official site for papers.
MA,2023,Mar/Jun,Metadata only; refer to ACCA official site for papers.
MA,2024,Sep/Dec,Metadata only; refer to ACCA official site for papers.
FA,2018,Sep/Dec,Metadata only; refer to ACCA official site for papers.
FA,2019,Mar/Jun,Metadata only; refer to ACCA official site for papers.
FA,2020,Mar/Jun,Metadata only; refer to ACCA official site for papers.
FA,2021,Mar/Jun,Metadata only; refer to ACCA official site for papers.
FA,2022,Mar/Jun,Metadata only; refer to ACCA official site for papers.
FA,2023,Mar/Jun,Metadata only; refer to ACCA official site for papers.
FA,2024,Sep/Dec,Metadata only; refer to ACCA official site for papers.
LW,2018,Mar/Jun,Metadata only; refer to ACCA official site for papers.
LW,2019,Mar/Jun,Metadata only; refer to ACCA official site for papers.
LW,2020,Mar/Jun,Metadata only; refer to ACCA official site for papers.
LW,2021,Sep/Dec,Metadata only; refer to ACCA official site for papers.
LW,2022,Sep/Dec,Metadata only; refer to ACCA official site for papers.
LW,2023,Mar/Jun,Metadata only; refer to ACCA official site for papers.
LW,2024,Sep/Dec,Metadata only; refer to ACCA official site for papers.
PM,2018,Mar/Jun,Metadata only; refer to ACCA official site for papers.
PM,2019,Sep/Dec,Metadata only; refer to ACCA official site for papers.
PM,2020,Mar/Jun,Metadata only; refer to ACCA official site for papers.
PM,2021,Mar/Jun,Metadata only; refer to ACCA official site for papers.
PM,2022,Mar/Jun,Metadata only; refer to ACCA official site for papers.
PM,2023,Mar/Jun,Metadata only; refer to ACCA official site for papers.
PM,2024,Sep/Dec,Metadata only; refer to ACCA official site for papers.
TX,2018,Mar/Jun,Metadata only; refer to ACCA official site for papers.
TX,2019,Sep/Dec,Metadata only; refer to ACCA official site for papers.
TX,2020,Sep/Dec,Metadata only; refer to ACCA official site for papers.
TX,2021,Mar/Jun,Metadata only; refer to ACCA official site for papers.
TX,2022,Mar/Jun,Metadata only; refer to ACCA official site for papers.
TX,2023,Sep/Dec,Metadata only; refer to ACCA official site for papers.
TX,2024,Sep/Dec,Metadata only; refer to ACCA official site for papers.
FR,2018,Mar/Jun,Metadata only; refer to ACCA official site for papers.
FR,2019,Sep/Dec,Metadata only; refer to ACCA official site for papers.
FR,2020,Sep/Dec,Metadata only; refer to ACCA official site for papers.
FR,2021,Mar/Jun,Metadata only; refer to ACCA official site for papers.
FR,2022,Sep/Dec,Metadata only; refer to ACCA official site for papers.
FR,2023,Mar/Jun,Metadata only; refer to ACCA official site for papers.
FR,2024,Sep/Dec,Metadata only; refer to ACCA official site for papers.
AA,2018,Sep/Dec,Metadata only; refer to ACCA official site for papers.
AA,2019,Sep/Dec,Metadata only; refer to ACCA official site for papers.
AA,2020,Sep/Dec,Metadata only; refer to ACCA official site for papers.
AA,2021,Mar/Jun,Metadata only; refer to ACCA official site for papers.
AA,2022,Sep/Dec,Metadata only; refer to ACCA official site for papers.
AA,2023,Sep/Dec,Metadata only; refer to ACCA official site for papers.
AA,2024,Sep/Dec,Metadata only; refer to ACCA official site for papers.
FM,2018,Mar/Jun,Metadata only; refer to ACCA official site for papers.
FM,2019,Sep/Dec,Metadata only; refer to ACCA official site for papers.
FM,2020,Mar/Jun,Metadata only; refer to ACCA official site for papers.
FM,2021,Sep/Dec,Metadata only; refer to ACCA official site for papers.
FM,2022,Sep/Dec,Metadata only; refer to ACCA official site for papers.
FM,2023,Mar/Jun,Metadata only; refer to ACCA official site for papers.
FM,2024,Sep/Dec,Metadata only; refer to ACCA official site for papers.
SBL,2018,Mar/Jun,Metadata only; refer to ACCA official site for papers.
SBL,2019,Mar/Jun,Metadata only; refer to ACCA official site for papers.
SBL,2020,Mar/Jun,Metadata only; refer to ACCA official site for papers.
SBL,2021,Sep/Dec,Metadata only; refer to ACCA official site for papers.
SBL,2022,Sep/Dec,Metadata only; refer to ACCA official site for papers.
SBL,2023,Sep/Dec,Metadata only; refer to ACCA official site for papers.
SBL,2024,Sep/Dec,Metadata only; refer to ACCA official site for papers.
SBR,2018,Mar/Jun,Metadata only; refer to ACCA official site for papers.
SBR,2019,Sep/Dec,Metadata only; refer to ACCA official site for papers.
SBR,2020,Sep/Dec,Metadata only; refer to ACCA official site for papers.
SBR,2021,Sep/Dec,Metadata only; refer to ACCA official site for papers.
SBR,2022,Mar/Jun,Metadata only; refer to ACCA official site for papers.
SBR,2023,Sep/Dec,Metadata only; refer to ACCA official site for papers.
SBR,2024,Mar/Jun,Metadata only; refer to ACCA official site for papers.
AFM,2018,Mar/Jun,Metadata only; refer to ACCA official site for papers.
AFM,2019,Mar/Jun,Metadata only; refer to ACCA official site for papers.
AFM,2020,Sep/Dec,Metadata only; refer to ACCA official site for papers.
AFM,2021,Sep/Dec,Metadata only; refer to ACCA official site for papers.
AFM,2022,Sep/Dec,Metadata only; refer to ACCA official site for papers.
AFM,2023,Mar/Jun,Metadata only; refer to ACCA official site for papers.
AFM,2024,Mar/Jun,Metadata only; refer to ACCA official site for papers.
APM,2018,Mar/Jun,Metadata only; refer to ACCA official site for papers.
APM,2019,Mar/Jun,Metadata only; refer to ACCA official site for papers.
APM,2020,Mar/Jun,Metadata only; refer to ACCA official site for papers.
APM,2021,Sep/Dec,Metadata only; refer to ACCA official site for papers.
APM,2022,Mar/Jun,Metadata only; refer to ACCA official site for papers.
APM,2023,Mar/Jun,Metadata only; refer to ACCA official site for papers.
APM,2024,Sep/Dec,Metadata only; refer to ACCA official site for papers.
ATX,2018,Sep/Dec,Metadata only; refer to ACCA official site for papers.
ATX,2019,Mar/Jun,Metadata only; refer to ACCA official site for papers.
ATX,2020,Sep/Dec,Metadata only; refer to ACCA official site for papers.
ATX,2021,Mar/Jun,Metadata only; refer to ACCA official site for papers.
ATX,2022,Sep/Dec,Metadata only; refer to ACCA official site for papers.
ATX,2023,Sep/Dec,Metadata only; refer to ACCA official site for papers.
ATX,2024,Mar/Jun,Metadata only; refer to ACCA official site for papers.
AAA,2018,Mar/Jun,Metadata only; refer to ACCA official site for papers.
AAA,2019,Sep/Dec,Metadata only; refer to ACCA official site for papers.
AAA,2020,Sep/Dec,Metadata only; refer to ACCA official site for papers.
AAA,2021,Sep/Dec,Metadata only; refer to ACCA official site for papers.
AAA,2022,Sep/Dec,Metadata only; refer to ACCA official site for papers.
AAA,2023,Mar/Jun,Metadata only; refer to ACCA official site for papers.
AAA,2024,Mar/Jun,Metadata only; refer to ACCA official site for papers.
