paper_code,chapter,unit_title,learning_outcome,estimated_minutes,priority
BT,Business organisation and structure,Understand types of organisation,Understand key concepts of Types of organisation within business organisation and structure,45,High
BT,Business organisation and structure,Explain stakeholders,Explain key concepts of Stakeholders within business organisation and structure,60,High
BT,Business organisation and structure,Apply governance basics,Apply key concepts of Governance basics within business organisation and structure,30,Medium
BT,Business environment and strategy,Evaluate external environment (pestel),Evaluate key concepts of External environment (PESTEL) within business environment and strategy,45,Medium
BT,Business environment and strategy,Compute industry forces,Compute key concepts of Industry forces within business environment and strategy,60,Low
BT,Business environment and strategy,Analyse strategy and objectives,Analyse key concepts of Strategy and objectives within business environment and strategy,45,High
BT,Accounting and reporting systems,Understand information systems,Understand key concepts of Information systems within accounting and reporting systems,60,High
BT,Accounting and reporting systems,Explain internal control,Explain key concepts of Internal control within accounting and reporting systems,30,Medium
BT,Accounting and reporting systems,Apply security and data,Apply key concepts of Security and data within accounting and reporting systems,45,Medium
BT,Leadership and teamwork,Evaluate leadership styles,Evaluate key concepts of Leadership styles within leadership and teamwork,60,Low
BT,Leadership and teamwork,Compute motivation,Compute key concepts of Motivation within leadership and teamwork,45,High
BT,Leadership and teamwork,Analyse communication,Analyse key concepts of Communication within leadership and teamwork,60,High
BT,Professional ethics,Understand code of ethics,Understand key concepts of Code of ethics within professional ethics,30,Medium
BT,Professional ethics,Explain fraud and misconduct,Explain key concepts of Fraud and misconduct within professional ethics,45,Medium
BT,Professional ethics,Apply corporate social responsibility,Apply key concepts of Corporate social responsibility within professional ethics,60,Low
BT,Business organisation and structure,Evaluate types of organisation,Evaluate key concepts of Types of organisation within business organisation and structure,45,High
BT,Business organisation and structure,Compute stakeholders,Compute key concepts of Stakeholders within business organisation and structure,60,High
BT,Business organisation and structure,Analyse governance basics,Analyse key concepts of Governance basics within business organisation and structure,30,Medium
BT,Business environment and strategy,Understand external environment (pestel),Understand key concepts of External environment (PESTEL) within business environment and strategy,45,Medium
BT,Business environment and strategy,Explain industry forces,Explain key concepts of Industry forces within business environment and strategy,60,Low
BT,Business environment and strategy,Apply strategy and objectives,Apply key concepts of Strategy and objectives within business environment and strategy,45,High
BT,Accounting and reporting systems,Evaluate information systems,Evaluate key concepts of Information systems within accounting and reporting systems,60,High
BT,Accounting and reporting systems,Compute internal control,Compute key concepts of Internal control within accounting and reporting systems,30,Medium
BT,Accounting and reporting systems,Analyse security and data,Analyse key concepts of Security and data within accounting and reporting systems,45,Medium
BT,Leadership and teamwork,Understand leadership styles,Understand key concepts of Leadership styles within leadership and teamwork,60,Low
BT,Leadership and teamwork,Explain motivation,Explain key concepts of Motivation within leadership and teamwork,45,High
BT,Leadership and teamwork,Apply communication,Apply key concepts of Communication within leadership and teamwork,60,High
BT,Professional ethics,Evaluate code of ethics,Evaluate key concepts of Code of ethics within professional ethics,30,Medium
BT,Professional ethics,Compute fraud and misconduct,Compute key concepts of Fraud and misconduct within professional ethics,45,Medium
BT,Professional ethics,Analyse corporate social responsibility,Analyse key concepts of Corporate social responsibility within professional ethics,60,Low
BT,Business organisation and structure,Understand types of organisation,Understand key concepts of Types of organisation within business organisation and structure,45,High
BT,Business organisation and structure,Explain stakeholders,Explain key concepts of Stakeholders within business organisation and structure,60,High
BT,Business organisation and structure,Apply governance basics,Apply key concepts of Governance basics within business organisation and structure,30,Medium
BT,Business environment and strategy,Evaluate external environment (pestel),Evaluate key concepts of External environment (PESTEL) within business environment and strategy,45,Medium
BT,Business environment and strategy,Compute industry forces,Compute key concepts of Industry forces within business environment and strategy,60,Low
BT,Business environment and strategy,Analyse strategy and objectives,Analyse key concepts of Strategy and objectives within business environment and strategy,45,High
BT,Accounting and reporting systems,Understand information systems,Understand key concepts of Information systems within accounting and reporting systems,60,High
BT,Accounting and reporting systems,Explain internal control,Explain key concepts of Internal control within accounting and reporting systems,30,Medium
BT,Accounting and reporting systems,Apply security and data,Apply key concepts of Security and data within accounting and reporting systems,45,Medium
BT,Leadership and teamwork,Evaluate leadership styles,Evaluate key concepts of Leadership styles within leadership and teamwork,60,Low
MA,Cost accounting techniques,Understand cost classification,Understand key concepts of Cost classification within cost accounting techniques,45,High
MA,Cost accounting techniques,Explain absorption vs marginal costing,Explain key concepts of Absorption vs marginal costing within cost accounting techniques,60,High
MA,Cost accounting techniques,Apply overheads and abc,Apply key concepts of Overheads and ABC within cost accounting techniques,30,Medium
MA,Budgeting,Evaluate functional budgets,Evaluate key concepts of Functional budgets within budgeting,45,Medium
MA,Budgeting,Compute cash budgets,Compute key concepts of Cash budgets within budgeting,60,Low
MA,Budgeting,Analyse behavioural aspects,Analyse key concepts of Behavioural aspects within budgeting,45,High
MA,Standard costing and variances,Understand setting standards,Understand key concepts of Setting standards within standard costing and variances,60,High
MA,Standard costing and variances,Explain sales and cost variances,Explain key concepts of Sales and cost variances within standard costing and variances,30,Medium
MA,Standard costing and variances,Apply operating statements,Apply key concepts of Operating statements within standard costing and variances,45,Medium
MA,Decision making,Evaluate cvp analysis,Evaluate key concepts of CVP analysis within decision making,60,Low
MA,Decision making,Compute relevant costing,Compute key concepts of Relevant costing within decision making,45,High
MA,Decision making,Analyse pricing decisions,Analyse key concepts of Pricing decisions within decision making,60,High
MA,Performance measurement,Understand kpis,Understand key concepts of KPIs within performance measurement,30,Medium
MA,Performance measurement,Explain non-financial indicators,Explain key concepts of Non-financial indicators within performance measurement,45,Medium
MA,Performance measurement,Apply limiting factors,Apply key concepts of Limiting factors within performance measurement,60,Low
MA,Cost accounting techniques,Evaluate cost classification,Evaluate key concepts of Cost classification within cost accounting techniques,45,High
MA,Cost accounting techniques,Compute absorption vs marginal costing,Compute key concepts of Absorption vs marginal costing within cost accounting techniques,60,High
MA,Cost accounting techniques,Analyse overheads and abc,Analyse key concepts of Overheads and ABC within cost accounting techniques,30,Medium
MA,Budgeting,Understand functional budgets,Understand key concepts of Functional budgets within budgeting,45,Medium
MA,Budgeting,Explain cash budgets,Explain key concepts of Cash budgets within budgeting,60,Low
MA,Budgeting,Apply behavioural aspects,Apply key concepts of Behavioural aspects within budgeting,45,High
MA,Standard costing and variances,Evaluate setting standards,Evaluate key concepts of Setting standards within standard costing and variances,60,High
MA,Standard costing and variances,Compute sales and cost variances,Compute key concepts of Sales and cost variances within standard costing and variances,30,Medium
MA,Standard costing and variances,Analyse operating statements,Analyse key concepts of Operating statements within standard costing and variances,45,Medium
MA,Decision making,Understand cvp analysis,Understand key concepts of CVP analysis within decision making,60,Low
MA,Decision making,Explain relevant costing,Explain key concepts of Relevant costing within decision making,45,High
MA,Decision making,Apply pricing decisions,Apply key concepts of Pricing decisions within decision making,60,High
MA,Performance measurement,Evaluate kpis,Evaluate key concepts of KPIs within performance measurement,30,Medium
MA,Performance measurement,Compute non-financial indicators,Compute key concepts of Non-financial indicators within performance measurement,45,Medium
MA,Performance measurement,Analyse limiting factors,Analyse key concepts of Limiting factors within performance measurement,60,Low
MA,Cost accounting techniques,Understand cost classification,Understand key concepts of Cost classification within cost accounting techniques,45,High
MA,Cost accounting techniques,Explain absorption vs marginal costing,Explain key concepts of Absorption vs marginal costing within cost accounting techniques,60,High
MA,Cost accounting techniques,Apply overheads and abc,Apply key concepts of Overheads and ABC within cost accounting techniques,30,Medium
MA,Budgeting,Evaluate functional budgets,Evaluate key concepts of Functional budgets within budgeting,45,Medium
MA,Budgeting,Compute cash budgets,Compute key concepts of Cash budgets within budgeting,60,Low
MA,Budgeting,Analyse behavioural aspects,Analyse key concepts of Behavioural aspects within budgeting,45,High
MA,Standard costing and variances,Understand setting standards,Understand key concepts of Setting standards within standard costing and variances,60,High
MA,Standard costing and variances,Explain sales and cost variances,Explain key concepts of Sales and cost variances within standard costing and variances,30,Medium
MA,Standard costing and variances,Apply operating statements,Apply key concepts of Operating statements within standard costing and variances,45,Medium
MA,Decision making,Evaluate cvp analysis,Evaluate key concepts of CVP analysis within decision making,60,Low
FA,Conceptual framework,Understand qualitative characteristics,Understand key concepts of Qualitative characteristics within conceptual framework,45,High
FA,Conceptual framework,Explain recognition and measurement,Explain key concepts of Recognition and measurement within conceptual framework,60,High
FA,Conceptual framework,Apply double entry principles,Apply key concepts of Double entry principles within conceptual framework,30,Medium
FA,Financial statements,Evaluate sofp and spl,Evaluate key concepts of SOFP and SPL within financial statements,45,Medium
FA,Financial statements,Compute statement of cash flows (basic),Compute key concepts of Statement of cash flows (basic) within financial statements,60,Low
FA,Financial statements,Analyse events after reporting period,Analyse key concepts of Events after reporting period within financial statements,45,High
FA,Accounting for transactions,Understand inventory,Understand key concepts of Inventory within accounting for transactions,60,High
FA,Accounting for transactions,Explain receivables/payables,Explain key concepts of Receivables/Payables within accounting for transactions,30,Medium
FA,Accounting for transactions,Apply depreciation & impairment,Apply key concepts of Depreciation & impairment within accounting for transactions,45,Medium
FA,Corrections and errors,Evaluate suspense accounts,Evaluate key concepts of Suspense accounts within corrections and errors,60,Low
FA,Corrections and errors,Compute control accounts,Compute key concepts of Control accounts within corrections and errors,45,High
FA,Corrections and errors,Analyse trial balance,Analyse key concepts of Trial balance within corrections and errors,60,High
FA,Ethics and governance,Understand ethical principles,Understand key concepts of Ethical principles within ethics and governance,30,Medium
FA,Ethics and governance,Explain regulatory framework,Explain key concepts of Regulatory framework within ethics and governance,45,Medium
FA,Ethics and governance,Apply limitations of financial statements,Apply key concepts of Limitations of financial statements within ethics and governance,60,Low
FA,Conceptual framework,Evaluate qualitative characteristics,Evaluate key concepts of Qualitative characteristics within conceptual framework,45,High
FA,Conceptual framework,Compute recognition and measurement,Compute key concepts of Recognition and measurement within conceptual framework,60,High
FA,Conceptual framework,Analyse double entry principles,Analyse key concepts of Double entry principles within conceptual framework,30,Medium
FA,Financial statements,Understand sofp and spl,Understand key concepts of SOFP and SPL within financial statements,45,Medium
FA,Financial statements,Explain statement of cash flows (basic),Explain key concepts of Statement of cash flows (basic) within financial statements,60,Low
FA,Financial statements,Apply events after reporting period,Apply key concepts of Events after reporting period within financial statements,45,High
FA,Accounting for transactions,Evaluate inventory,Evaluate key concepts of Inventory within accounting for transactions,60,High
FA,Accounting for transactions,Compute receivables/payables,Compute key concepts of Receivables/Payables within accounting for transactions,30,Medium
FA,Accounting for transactions,Analyse depreciation & impairment,Analyse key concepts of Depreciation & impairment within accounting for transactions,45,Medium
FA,Corrections and errors,Understand suspense accounts,Understand key concepts of Suspense accounts within corrections and errors,60,Low
FA,Corrections and errors,Explain control accounts,Explain key concepts of Control accounts within corrections and errors,45,High
FA,Corrections and errors,Apply trial balance,Apply key concepts of Trial balance within corrections and errors,60,High
FA,Ethics and governance,Evaluate ethical principles,Evaluate key concepts of Ethical principles within ethics and governance,30,Medium
FA,Ethics and governance,Compute regulatory framework,Compute key concepts of Regulatory framework within ethics and governance,45,Medium
FA,Ethics and governance,Analyse limitations of financial statements,Analyse key concepts of Limitations of financial statements within ethics and governance,60,Low
FA,Conceptual framework,Understand qualitative characteristics,Understand key concepts of Qualitative characteristics within conceptual framework,45,High
FA,Conceptual framework,Explain recognition and measurement,Explain key concepts of Recognition and measurement within conceptual framework,60,High
FA,Conceptual framework,Apply double entry principles,Apply key concepts of Double entry principles within conceptual framework,30,Medium
FA,Financial statements,Evaluate sofp and spl,Evaluate key concepts of SOFP and SPL within financial statements,45,Medium
FA,Financial statements,Compute statement of cash flows (basic),Compute key concepts of Statement of cash flows (basic) within financial statements,60,Low
FA,Financial statements,Analyse events after reporting period,Analyse key concepts of Events after reporting period within financial statements,45,High
FA,Accounting for transactions,Understand inventory,Understand key concepts of Inventory within accounting for transactions,60,High
FA,Accounting for transactions,Explain receivables/payables,Explain key concepts of Receivables/Payables within accounting for transactions,30,Medium
FA,Accounting for transactions,Apply depreciation & impairment,Apply key concepts of Depreciation & impairment within accounting for transactions,45,Medium
FA,Corrections and errors,Evaluate suspense accounts,Evaluate key concepts of Suspense accounts within corrections and errors,60,Low
LW,The legal system,Understand sources of law,Understand key concepts of Sources of law within the legal system,45,High
LW,The legal system,Explain court structure,Explain key concepts of Court structure within the legal system,60,High
LW,The legal system,Apply case law and statute,Apply key concepts of Case law and statute within the legal system,30,Medium
LW,Contract law,Evaluate formation,Evaluate key concepts of Formation within contract law,45,Medium
LW,Contract law,Compute terms and breach,Compute key concepts of Terms and breach within contract law,60,Low
LW,Contract law,Analyse remedies,Analyse key concepts of Remedies within contract law,45,High
LW,Employment law,Understand status and duties,Understand key concepts of Status and duties within employment law,60,High
LW,Employment law,Explain dismissal,Explain key concepts of Dismissal within employment law,30,Medium
LW,Employment law,Apply discrimination,Apply key concepts of Discrimination within employment law,45,Medium
LW,Company law,Evaluate types of company,Evaluate key concepts of Types of company within company law,60,Low
LW,Company law,Compute directors' duties,Compute key concepts of Directors' duties within company law,45,High
LW,Company law,Analyse corporate insolvency,Analyse key concepts of Corporate insolvency within company law,60,High
LW,Professional ethics,Understand money laundering,Understand key concepts of Money laundering within professional ethics,30,Medium
LW,Professional ethics,Explain data protection,Explain key concepts of Data protection within professional ethics,45,Medium
LW,Professional ethics,Apply corporate governance,Apply key concepts of Corporate governance within professional ethics,60,Low
LW,The legal system,Evaluate sources of law,Evaluate key concepts of Sources of law within the legal system,45,High
LW,The legal system,Compute court structure,Compute key concepts of Court structure within the legal system,60,High
LW,The legal system,Analyse case law and statute,Analyse key concepts of Case law and statute within the legal system,30,Medium
LW,Contract law,Understand formation,Understand key concepts of Formation within contract law,45,Medium
LW,Contract law,Explain terms and breach,Explain key concepts of Terms and breach within contract law,60,Low
LW,Contract law,Apply remedies,Apply key concepts of Remedies within contract law,45,High
LW,Employment law,Evaluate status and duties,Evaluate key concepts of Status and duties within employment law,60,High
LW,Employment law,Compute dismissal,Compute key concepts of Dismissal within employment law,30,Medium
LW,Employment law,Analyse discrimination,Analyse key concepts of Discrimination within employment law,45,Medium
LW,Company law,Understand types of company,Understand key concepts of Types of company within company law,60,Low
LW,Company law,Explain directors' duties,Explain key concepts of Directors' duties within company law,45,High
LW,Company law,Apply corporate insolvency,Apply key concepts of Corporate insolvency within company law,60,High
LW,Professional ethics,Evaluate money laundering,Evaluate key concepts of Money laundering within professional ethics,30,Medium
LW,Professional ethics,Compute data protection,Compute key concepts of Data protection within professional ethics,45,Medium
LW,Professional ethics,Analyse corporate governance,Analyse key concepts of Corporate governance within professional ethics,60,Low
LW,The legal system,Understand sources of law,Understand key concepts of Sources of law within the legal system,45,High
LW,The legal system,Explain court structure,Explain key concepts of Court structure within the legal system,60,High
LW,The legal system,Apply case law and statute,Apply key concepts of Case law and statute within the legal system,30,Medium
LW,Contract law,Evaluate formation,Evaluate key concepts of Formation within contract law,45,Medium
LW,Contract law,Compute terms and breach,Compute key concepts of Terms and breach within contract law,60,Low
LW,Contract law,Analyse remedies,Analyse key concepts of Remedies within contract law,45,High
LW,Employment law,Understand status and duties,Understand key concepts of Status and duties within employment law,60,High
LW,Employment law,Explain dismissal,Explain key concepts of Dismissal within employment law,30,Medium
LW,Employment law,Apply discrimination,Apply key concepts of Discrimination within employment law,45,Medium
LW,Company law,Evaluate types of company,Evaluate key concepts of Types of company within company law,60,Low
PM,Cost and management accounting,Understand activity-based costing,Understand key concepts of Activity-based costing within cost and management accounting,45,High
PM,Cost and management accounting,Explain throughput accounting,Explain key concepts of Throughput accounting within cost and management accounting,60,High
PM,Cost and management accounting,Apply environmental management accounting,Apply key concepts of Environmental management accounting within cost and management accounting,30,Medium
PM,Decision making,Evaluate relevant costs,Evaluate key concepts of Relevant costs within decision making,45,Medium
PM,Decision making,Compute pricing strategies,Compute key concepts of Pricing strategies within decision making,60,Low
PM,Decision making,Analyse risk and uncertainty,Analyse key concepts of Risk and uncertainty within decision making,45,High
PM,Budgeting and control,Understand behavioural aspects,Understand key concepts of Behavioural aspects within budgeting and control,60,High
PM,Budgeting and control,Explain beyond budgeting,Explain key concepts of Beyond budgeting within budgeting and control,30,Medium
PM,Budgeting and control,Apply rolling forecasts,Apply key concepts of Rolling forecasts within budgeting and control,45,Medium
PM,Performance measurement,Evaluate financial ratios,Evaluate key concepts of Financial ratios within performance measurement,60,Low
PM,Performance measurement,Compute non-financial measures,Compute key concepts of Non-financial measures within performance measurement,45,High
PM,Performance measurement,Analyse divisional performance and transfer pricing,Analyse key concepts of Divisional performance and transfer pricing within performance measurement,60,High
PM,Information systems,Understand big data in performance,Understand key concepts of Big data in performance within information systems,30,Medium
PM,Information systems,Explain spreadsheet risk,Explain key concepts of Spreadsheet risk within information systems,45,Medium
PM,Information systems,Apply data visualisation,Apply key concepts of Data visualisation within information systems,60,Low
PM,Cost and management accounting,Evaluate activity-based costing,Evaluate key concepts of Activity-based costing within cost and management accounting,45,High
PM,Cost and management accounting,Compute throughput accounting,Compute key concepts of Throughput accounting within cost and management accounting,60,High
PM,Cost and management accounting,Analyse environmental management accounting,Analyse key concepts of Environmental management accounting within cost and management accounting,30,Medium
PM,Decision making,Understand relevant costs,Understand key concepts of Relevant costs within decision making,45,Medium
PM,Decision making,Explain pricing strategies,Explain key concepts of Pricing strategies within decision making,60,Low
PM,Decision making,Apply risk and uncertainty,Apply key concepts of Risk and uncertainty within decision making,45,High
PM,Budgeting and control,Evaluate behavioural aspects,Evaluate key concepts of Behavioural aspects within budgeting and control,60,High
PM,Budgeting and control,Compute beyond budgeting,Compute key concepts of Beyond budgeting within budgeting and control,30,Medium
PM,Budgeting and control,Analyse rolling forecasts,Analyse key concepts of Rolling forecasts within budgeting and control,45,Medium
PM,Performance measurement,Understand financial ratios,Understand key concepts of Financial ratios within performance measurement,60,Low
PM,Performance measurement,Explain non-financial measures,Explain key concepts of Non-financial measures within performance measurement,45,High
PM,Performance measurement,Apply divisional performance and transfer pricing,Apply key concepts of Divisional performance and transfer pricing within performance measurement,60,High
PM,Information systems,Evaluate big data in performance,Evaluate key concepts of Big data in performance within information systems,30,Medium
PM,Information systems,Compute spreadsheet risk,Compute key concepts of Spreadsheet risk within information systems,45,Medium
PM,Information systems,Analyse data visualisation,Analyse key concepts of Data visualisation within information systems,60,Low
PM,Cost and management accounting,Understand activity-based costing,Understand key concepts of Activity-based costing within cost and management accounting,45,High
PM,Cost and management accounting,Explain throughput accounting,Explain key concepts of Throughput accounting within cost and management accounting,60,High
PM,Cost and management accounting,Apply environmental management accounting,Apply key concepts of Environmental management accounting within cost and management accounting,30,Medium
PM,Decision making,Evaluate relevant costs,Evaluate key concepts of Relevant costs within decision making,45,Medium
PM,Decision making,Compute pricing strategies,Compute key concepts of Pricing strategies within decision making,60,Low
PM,Decision making,Analyse risk and uncertainty,Analyse key concepts of Risk and uncertainty within decision making,45,High
PM,Budgeting and control,Understand behavioural aspects,Understand key concepts of Behavioural aspects within budgeting and control,60,High
PM,Budgeting and control,Explain beyond budgeting,Explain key concepts of Beyond budgeting within budgeting and control,30,Medium
PM,Budgeting and control,Apply rolling forecasts,Apply key concepts of Rolling forecasts within budgeting and control,45,Medium
PM,Performance measurement,Evaluate financial ratios,Evaluate key concepts of Financial ratios within performance measurement,60,Low
TX,Tax system and administration,Understand residence and domicile,Understand key concepts of Residence and domicile within tax system and administration,45,High
TX,Tax system and administration,Explain filing and payment,Explain key concepts of Filing and payment within tax system and administration,60,High
TX,Tax system and administration,Apply penalties,Apply key concepts of Penalties within tax system and administration,30,Medium
TX,Income tax,Evaluate employment income,Evaluate key concepts of Employment income within income tax,45,Medium
TX,Income tax,Compute trading profits,Compute key concepts of Trading profits within income tax,60,Low
TX,Income tax,Analyse property income,Analyse key concepts of Property income within income tax,45,High
TX,Corporation tax,Understand chargeable profits,Understand key concepts of Chargeable profits within corporation tax,60,High
TX,Corporation tax,Explain relief and losses,Explain key concepts of Relief and losses within corporation tax,30,Medium
TX,Corporation tax,Apply group aspects (intro),Apply key concepts of Group aspects (intro) within corporation tax,45,Medium
TX,Capital gains tax,Evaluate computation,Evaluate key concepts of Computation within capital gains tax,60,Low
TX,Capital gains tax,Compute reliefs,Compute key concepts of Reliefs within capital gains tax,45,High
TX,Capital gains tax,Analyse chattels and shares,Analyse key concepts of Chattels and shares within capital gains tax,60,High
TX,VAT/Indirect taxes,Understand registration,Understand key concepts of Registration within vat/indirect taxes,30,Medium
TX,VAT/Indirect taxes,Explain output vs input tax,Explain key concepts of Output vs input tax within vat/indirect taxes,45,Medium
TX,VAT/Indirect taxes,Apply special schemes,Apply key concepts of Special schemes within vat/indirect taxes,60,Low
TX,Tax system and administration,Evaluate residence and domicile,Evaluate key concepts of Residence and domicile within tax system and administration,45,High
TX,Tax system and administration,Compute filing and payment,Compute key concepts of Filing and payment within tax system and administration,60,High
TX,Tax system and administration,Analyse penalties,Analyse key concepts of Penalties within tax system and administration,30,Medium
TX,Income tax,Understand employment income,Understand key concepts of Employment income within income tax,45,Medium
TX,Income tax,Explain trading profits,Explain key concepts of Trading profits within income tax,60,Low
TX,Income tax,Apply property income,Apply key concepts of Property income within income tax,45,High
TX,Corporation tax,Evaluate chargeable profits,Evaluate key concepts of Chargeable profits within corporation tax,60,High
TX,Corporation tax,Compute relief and losses,Compute key concepts of Relief and losses within corporation tax,30,Medium
TX,Corporation tax,Analyse group aspects (intro),Analyse key concepts of Group aspects (intro) within corporation tax,45,Medium
TX,Capital gains tax,Understand computation,Understand key concepts of Computation within capital gains tax,60,Low
TX,Capital gains tax,Explain reliefs,Explain key concepts of Reliefs within capital gains tax,45,High
TX,Capital gains tax,Apply chattels and shares,Apply key concepts of Chattels and shares within capital gains tax,60,High
TX,VAT/Indirect taxes,Evaluate registration,Evaluate key concepts of Registration within vat/indirect taxes,30,Medium
TX,VAT/Indirect taxes,Compute output vs input tax,Compute key concepts of Output vs input tax within vat/indirect taxes,45,Medium
TX,VAT/Indirect taxes,Analyse special schemes,Analyse key concepts of Special schemes within vat/indirect taxes,60,Low
TX,Tax system and administration,Understand residence and domicile,Understand key concepts of Residence and domicile within tax system and administration,45,High
TX,Tax system and administration,Explain filing and payment,Explain key concepts of Filing and payment within tax system and administration,60,High
TX,Tax system and administration,Apply penalties,Apply key concepts of Penalties within tax system and administration,30,Medium
TX,Income tax,Evaluate employment income,Evaluate key concepts of Employment income within income tax,45,Medium
TX,Income tax,Compute trading profits,Compute key concepts of Trading profits within income tax,60,Low
TX,Income tax,Analyse property income,Analyse key concepts of Property income within income tax,45,High
TX,Corporation tax,Understand chargeable profits,Understand key concepts of Chargeable profits within corporation tax,60,High
TX,Corporation tax,Explain relief and losses,Explain key concepts of Relief and losses within corporation tax,30,Medium
TX,Corporation tax,Apply group aspects (intro),Apply key concepts of Group aspects (intro) within corporation tax,45,Medium
TX,Capital gains tax,Evaluate computation,Evaluate key concepts of Computation within capital gains tax,60,Low
FR,Regulatory framework and standards,Understand ifrs foundation & iasb,Understand key concepts of IFRS Foundation & IASB within regulatory framework and standards,45,High
FR,Regulatory framework and standards,Explain conceptual framework,Explain key concepts of Conceptual framework within regulatory framework and standards,60,High
FR,Regulatory framework and standards,Apply presentation of fs,Apply key concepts of Presentation of FS within regulatory framework and standards,30,Medium
FR,Financial reporting,Evaluate revenue (ifrs 15),Evaluate key concepts of Revenue (IFRS 15) within financial reporting,45,Medium
FR,Financial reporting,Compute leases (ifrs 16),Compute key concepts of Leases (IFRS 16) within financial reporting,60,Low
FR,Financial reporting,Analyse financial instruments (ifrs 9),Analyse key concepts of Financial instruments (IFRS 9) within financial reporting,45,High
FR,Assets and liabilities,Understand ppe & ias 16,Understand key concepts of PPE & IAS 16 within assets and liabilities,60,High
FR,Assets and liabilities,Explain intangibles & ias 38,Explain key concepts of Intangibles & IAS 38 within assets and liabilities,30,Medium
FR,Assets and liabilities,Apply provisions & ias 37,Apply key concepts of Provisions & IAS 37 within assets and liabilities,45,Medium
FR,Consolidation basics,Evaluate subsidiaries and control,Evaluate key concepts of Subsidiaries and control within consolidation basics,60,Low
FR,Consolidation basics,Compute intra-group adjustments,Compute key concepts of Intra-group adjustments within consolidation basics,45,High
FR,Consolidation basics,Analyse nci and goodwill,Analyse key concepts of NCI and goodwill within consolidation basics,60,High
FR,Analysis and interpretation,Understand ratios,Understand key concepts of Ratios within analysis and interpretation,30,Medium
FR,Analysis and interpretation,Explain limitations,Explain key concepts of Limitations within analysis and interpretation,45,Medium
FR,Analysis and interpretation,Apply earnings quality,Apply key concepts of Earnings quality within analysis and interpretation,60,Low
FR,Regulatory framework and standards,Evaluate ifrs foundation & iasb,Evaluate key concepts of IFRS Foundation & IASB within regulatory framework and standards,45,High
FR,Regulatory framework and standards,Compute conceptual framework,Compute key concepts of Conceptual framework within regulatory framework and standards,60,High
FR,Regulatory framework and standards,Analyse presentation of fs,Analyse key concepts of Presentation of FS within regulatory framework and standards,30,Medium
FR,Financial reporting,Understand revenue (ifrs 15),Understand key concepts of Revenue (IFRS 15) within financial reporting,45,Medium
FR,Financial reporting,Explain leases (ifrs 16),Explain key concepts of Leases (IFRS 16) within financial reporting,60,Low
FR,Financial reporting,Apply financial instruments (ifrs 9),Apply key concepts of Financial instruments (IFRS 9) within financial reporting,45,High
FR,Assets and liabilities,Evaluate ppe & ias 16,Evaluate key concepts of PPE & IAS 16 within assets and liabilities,60,High
FR,Assets and liabilities,Compute intangibles & ias 38,Compute key concepts of Intangibles & IAS 38 within assets and liabilities,30,Medium
FR,Assets and liabilities,Analyse provisions & ias 37,Analyse key concepts of Provisions & IAS 37 within assets and liabilities,45,Medium
FR,Consolidation basics,Understand subsidiaries and control,Understand key concepts of Subsidiaries and control within consolidation basics,60,Low
FR,Consolidation basics,Explain intra-group adjustments,Explain key concepts of Intra-group adjustments within consolidation basics,45,High
FR,Consolidation basics,Apply nci and goodwill,Apply key concepts of NCI and goodwill within consolidation basics,60,High
FR,Analysis and interpretation,Evaluate ratios,Evaluate key concepts of Ratios within analysis and interpretation,30,Medium
FR,Analysis and interpretation,Compute limitations,Compute key concepts of Limitations within analysis and interpretation,45,Medium
FR,Analysis and interpretation,Analyse earnings quality,Analyse key concepts of Earnings quality within analysis and interpretation,60,Low
FR,Regulatory framework and standards,Understand ifrs foundation & iasb,Understand key concepts of IFRS Foundation & IASB within regulatory framework and standards,45,High
FR,Regulatory framework and standards,Explain conceptual framework,Explain key concepts of Conceptual framework within regulatory framework and standards,60,High
FR,Regulatory framework and standards,Apply presentation of fs,Apply key concepts of Presentation of FS within regulatory framework and standards,30,Medium
FR,Financial reporting,Evaluate revenue (ifrs 15),Evaluate key concepts of Revenue (IFRS 15) within financial reporting,45,Medium
FR,Financial reporting,Compute leases (ifrs 16),Compute key concepts of Leases (IFRS 16) within financial reporting,60,Low
FR,Financial reporting,Analyse financial instruments (ifrs 9),Analyse key concepts of Financial instruments (IFRS 9) within financial reporting,45,High
FR,Assets and liabilities,Understand ppe & ias 16,Understand key concepts of PPE & IAS 16 within assets and liabilities,60,High
FR,Assets and liabilities,Explain intangibles & ias 38,Explain key concepts of Intangibles & IAS 38 within assets and liabilities,30,Medium
FR,Assets and liabilities,Apply provisions & ias 37,Apply key concepts of Provisions & IAS 37 within assets and liabilities,45,Medium
FR,Consolidation basics,Evaluate subsidiaries and control,Evaluate key concepts of Subsidiaries and control within consolidation basics,60,Low
AA,Audit framework and regulation,Understand purpose of audit,Understand key concepts of Purpose of audit within audit framework and regulation,45,High
AA,Audit framework and regulation,Explain ethics and acceptance,Explain key concepts of Ethics and acceptance within audit framework and regulation,60,High
AA,Audit framework and regulation,Apply quality control,Apply key concepts of Quality control within audit framework and regulation,30,Medium
AA,Planning and risk,Evaluate understanding the entity,Evaluate key concepts of Understanding the entity within planning and risk,45,Medium
AA,Planning and risk,Compute materiality and risk,Compute key concepts of Materiality and risk within planning and risk,60,Low
AA,Planning and risk,Analyse analytical procedures,Analyse key concepts of Analytical procedures within planning and risk,45,High
AA,Internal control,Understand sales cycle,Understand key concepts of Sales cycle within internal control,60,High
AA,Internal control,Explain purchases and payroll,Explain key concepts of Purchases and payroll within internal control,30,Medium
AA,Internal control,Apply it controls,Apply key concepts of IT controls within internal control,45,Medium
AA,Evidence and procedures,Evaluate sampling,Evaluate key concepts of Sampling within evidence and procedures,60,Low
AA,Evidence and procedures,Compute substantive testing,Compute key concepts of Substantive testing within evidence and procedures,45,High
AA,Evidence and procedures,Analyse using the work of others,Analyse key concepts of Using the work of others within evidence and procedures,60,High
AA,Reporting,Understand types of opinions,Understand key concepts of Types of opinions within reporting,30,Medium
AA,Reporting,Explain subsequent events,Explain key concepts of Subsequent events within reporting,45,Medium
AA,Reporting,Apply management letter,Apply key concepts of Management letter within reporting,60,Low
AA,Audit framework and regulation,Evaluate purpose of audit,Evaluate key concepts of Purpose of audit within audit framework and regulation,45,High
AA,Audit framework and regulation,Compute ethics and acceptance,Compute key concepts of Ethics and acceptance within audit framework and regulation,60,High
AA,Audit framework and regulation,Analyse quality control,Analyse key concepts of Quality control within audit framework and regulation,30,Medium
AA,Planning and risk,Understand understanding the entity,Understand key concepts of Understanding the entity within planning and risk,45,Medium
AA,Planning and risk,Explain materiality and risk,Explain key concepts of Materiality and risk within planning and risk,60,Low
AA,Planning and risk,Apply analytical procedures,Apply key concepts of Analytical procedures within planning and risk,45,High
AA,Internal control,Evaluate sales cycle,Evaluate key concepts of Sales cycle within internal control,60,High
AA,Internal control,Compute purchases and payroll,Compute key concepts of Purchases and payroll within internal control,30,Medium
AA,Internal control,Analyse it controls,Analyse key concepts of IT controls within internal control,45,Medium
AA,Evidence and procedures,Understand sampling,Understand key concepts of Sampling within evidence and procedures,60,Low
AA,Evidence and procedures,Explain substantive testing,Explain key concepts of Substantive testing within evidence and procedures,45,High
AA,Evidence and procedures,Apply using the work of others,Apply key concepts of Using the work of others within evidence and procedures,60,High
AA,Reporting,Evaluate types of opinions,Evaluate key concepts of Types of opinions within reporting,30,Medium
AA,Reporting,Compute subsequent events,Compute key concepts of Subsequent events within reporting,45,Medium
AA,Reporting,Analyse management letter,Analyse key concepts of Management letter within reporting,60,Low
AA,Audit framework and regulation,Understand purpose of audit,Understand key concepts of Purpose of audit within audit framework and regulation,45,High
AA,Audit framework and regulation,Explain ethics and acceptance,Explain key concepts of Ethics and acceptance within audit framework and regulation,60,High
AA,Audit framework and regulation,Apply quality control,Apply key concepts of Quality control within audit framework and regulation,30,Medium
AA,Planning and risk,Evaluate understanding the entity,Evaluate key concepts of Understanding the entity within planning and risk,45,Medium
AA,Planning and risk,Compute materiality and risk,Compute key concepts of Materiality and risk within planning and risk,60,Low
AA,Planning and risk,Analyse analytical procedures,Analyse key concepts of Analytical procedures within planning and risk,45,High
AA,Internal control,Understand sales cycle,Understand key concepts of Sales cycle within internal control,60,High
AA,Internal control,Explain purchases and payroll,Explain key concepts of Purchases and payroll within internal control,30,Medium
AA,Internal control,Apply it controls,Apply key concepts of IT controls within internal control,45,Medium
AA,Evidence and procedures,Evaluate sampling,Evaluate key concepts of Sampling within evidence and procedures,60,Low
FM,Financial management function,Understand objectives and agency,Understand key concepts of Objectives and agency within financial management function,45,High
FM,Financial management function,Explain financial markets,Explain key concepts of Financial markets within financial management function,60,High
FM,Financial management function,Apply working capital policies,Apply key concepts of Working capital policies within financial management function,30,Medium
FM,Investment appraisal,Evaluate npv and irr,Evaluate key concepts of NPV and IRR within investment appraisal,45,Medium
FM,Investment appraisal,Compute inflation and taxation,Compute key concepts of Inflation and taxation within investment appraisal,60,Low
FM,Investment appraisal,Analyse capital rationing,Analyse key concepts of Capital rationing within investment appraisal,45,High
FM,Business finance,Understand sources of finance,Understand key concepts of Sources of finance within business finance,60,High
FM,Business finance,Explain cost of capital,Explain key concepts of Cost of capital within business finance,30,Medium
FM,Business finance,Apply dividend policy,Apply key concepts of Dividend policy within business finance,45,Medium
FM,Risk management,Evaluate interest rate risk,Evaluate key concepts of Interest rate risk within risk management,60,Low
FM,Risk management,Compute foreign exchange risk,Compute key concepts of Foreign exchange risk within risk management,45,High
FM,Risk management,Analyse hedging techniques,Analyse key concepts of Hedging techniques within risk management,60,High
FM,Valuation,Understand asset-based values,Understand key concepts of Asset-based values within valuation,30,Medium
FM,Valuation,Explain earnings and cash-based,Explain key concepts of Earnings and cash-based within valuation,45,Medium
FM,Valuation,Apply apv (intro),Apply key concepts of APV (intro) within valuation,60,Low
FM,Financial management function,Evaluate objectives and agency,Evaluate key concepts of Objectives and agency within financial management function,45,High
FM,Financial management function,Compute financial markets,Compute key concepts of Financial markets within financial management function,60,High
FM,Financial management function,Analyse working capital policies,Analyse key concepts of Working capital policies within financial management function,30,Medium
FM,Investment appraisal,Understand npv and irr,Understand key concepts of NPV and IRR within investment appraisal,45,Medium
FM,Investment appraisal,Explain inflation and taxation,Explain key concepts of Inflation and taxation within investment appraisal,60,Low
FM,Investment appraisal,Apply capital rationing,Apply key concepts of Capital rationing within investment appraisal,45,High
FM,Business finance,Evaluate sources of finance,Evaluate key concepts of Sources of finance within business finance,60,High
FM,Business finance,Compute cost of capital,Compute key concepts of Cost of capital within business finance,30,Medium
FM,Business finance,Analyse dividend policy,Analyse key concepts of Dividend policy within business finance,45,Medium
FM,Risk management,Understand interest rate risk,Understand key concepts of Interest rate risk within risk management,60,Low
FM,Risk management,Explain foreign exchange risk,Explain key concepts of Foreign exchange risk within risk management,45,High
FM,Risk management,Apply hedging techniques,Apply key concepts of Hedging techniques within risk management,60,High
FM,Valuation,Evaluate asset-based values,Evaluate key concepts of Asset-based values within valuation,30,Medium
FM,Valuation,Compute earnings and cash-based,Compute key concepts of Earnings and cash-based within valuation,45,Medium
FM,Valuation,Analyse apv (intro),Analyse key concepts of APV (intro) within valuation,60,Low
FM,Financial management function,Understand objectives and agency,Understand key concepts of Objectives and agency within financial management function,45,High
FM,Financial management function,Explain financial markets,Explain key concepts of Financial markets within financial management function,60,High
FM,Financial management function,Apply working capital policies,Apply key concepts of Working capital policies within financial management function,30,Medium
FM,Investment appraisal,Evaluate npv and irr,Evaluate key concepts of NPV and IRR within investment appraisal,45,Medium
FM,Investment appraisal,Compute inflation and taxation,Compute key concepts of Inflation and taxation within investment appraisal,60,Low
FM,Investment appraisal,Analyse capital rationing,Analyse key concepts of Capital rationing within investment appraisal,45,High
FM,Business finance,Understand sources of finance,Understand key concepts of Sources of finance within business finance,60,High
FM,Business finance,Explain cost of capital,Explain key concepts of Cost of capital within business finance,30,Medium
FM,Business finance,Apply dividend policy,Apply key concepts of Dividend policy within business finance,45,Medium
FM,Risk management,Evaluate interest rate risk,Evaluate key concepts of Interest rate risk within risk management,60,Low
SBL,Leadership and governance,Understand leadership styles,Understand key concepts of Leadership styles within leadership and governance,45,High
SBL,Leadership and governance,Explain ethics and csr,Explain key concepts of Ethics and CSR within leadership and governance,60,High
SBL,Leadership and governance,Apply stakeholder management,Apply key concepts of Stakeholder management within leadership and governance,30,Medium
SBL,Strategy and risk,Evaluate analysis models,Evaluate key concepts of Analysis models within strategy and risk,45,Medium
SBL,Strategy and risk,Compute enterprise risk,Compute key concepts of Enterprise risk within strategy and risk,60,Low
SBL,Strategy and risk,Analyse change management,Analyse key concepts of Change management within strategy and risk,45,High
SBL,Technology and data,Understand digital transformation,Understand key concepts of Digital transformation within technology and data,60,High
SBL,Technology and data,Explain data analytics,Explain key concepts of Data analytics within technology and data,30,Medium
SBL,Technology and data,Apply cybersecurity governance,Apply key concepts of Cybersecurity governance within technology and data,45,Medium
SBL,Finance in decision making,Evaluate investment appraisal at scale,Evaluate key concepts of Investment appraisal at scale within finance in decision making,60,Low
SBL,Finance in decision making,Compute funding strategy,Compute key concepts of Funding strategy within finance in decision making,45,High
SBL,Finance in decision making,Analyse performance measurement,Analyse key concepts of Performance measurement within finance in decision making,60,High
SBL,Professional skills,Understand communication,Understand key concepts of Communication within professional skills,30,Medium
SBL,Professional skills,Explain analysis & scepticism,Explain key concepts of Analysis & scepticism within professional skills,45,Medium
SBL,Professional skills,Apply commercial acumen,Apply key concepts of Commercial acumen within professional skills,60,Low
SBL,Leadership and governance,Evaluate leadership styles,Evaluate key concepts of Leadership styles within leadership and governance,45,High
SBL,Leadership and governance,Compute ethics and csr,Compute key concepts of Ethics and CSR within leadership and governance,60,High
SBL,Leadership and governance,Analyse stakeholder management,Analyse key concepts of Stakeholder management within leadership and governance,30,Medium
SBL,Strategy and risk,Understand analysis models,Understand key concepts of Analysis models within strategy and risk,45,Medium
SBL,Strategy and risk,Explain enterprise risk,Explain key concepts of Enterprise risk within strategy and risk,60,Low
SBL,Strategy and risk,Apply change management,Apply key concepts of Change management within strategy and risk,45,High
SBL,Technology and data,Evaluate digital transformation,Evaluate key concepts of Digital transformation within technology and data,60,High
SBL,Technology and data,Compute data analytics,Compute key concepts of Data analytics within technology and data,30,Medium
SBL,Technology and data,Analyse cybersecurity governance,Analyse key concepts of Cybersecurity governance within technology and data,45,Medium
SBL,Finance in decision making,Understand investment appraisal at scale,Understand key concepts of Investment appraisal at scale within finance in decision making,60,Low
SBL,Finance in decision making,Explain funding strategy,Explain key concepts of Funding strategy within finance in decision making,45,High
SBL,Finance in decision making,Apply performance measurement,Apply key concepts of Performance measurement within finance in decision making,60,High
SBL,Professional skills,Evaluate communication,Evaluate key concepts of Communication within professional skills,30,Medium
SBL,Professional skills,Compute analysis & scepticism,Compute key concepts of Analysis & scepticism within professional skills,45,Medium
SBL,Professional skills,Analyse commercial acumen,Analyse key concepts of Commercial acumen within professional skills,60,Low
SBL,Leadership and governance,Understand leadership styles,Understand key concepts of Leadership styles within leadership and governance,45,High
SBL,Leadership and governance,Explain ethics and csr,Explain key concepts of Ethics and CSR within leadership and governance,60,High
SBL,Leadership and governance,Apply stakeholder management,Apply key concepts of Stakeholder management within leadership and governance,30,Medium
SBL,Strategy and risk,Evaluate analysis models,Evaluate key concepts of Analysis models within strategy and risk,45,Medium
SBL,Strategy and risk,Compute enterprise risk,Compute key concepts of Enterprise risk within strategy and risk,60,Low
SBL,Strategy and risk,Analyse change management,Analyse key concepts of Change management within strategy and risk,45,High
SBL,Technology and data,Understand digital transformation,Understand key concepts of Digital transformation within technology and data,60,High
SBL,Technology and data,Explain data analytics,Explain key concepts of Data analytics within technology and data,30,Medium
SBL,Technology and data,Apply cybersecurity governance,Apply key concepts of Cybersecurity governance within technology and data,45,Medium
SBL,Finance in decision making,Evaluate investment appraisal at scale,Evaluate key concepts of Investment appraisal at scale within finance in decision making,60,Low
SBR,Professional reporting,Understand ethics in reporting,Understand key concepts of Ethics in reporting within professional reporting,45,High
SBR,Professional reporting,Explain regulatory environment,Explain key concepts of Regulatory environment within professional reporting,60,High
SBR,Professional reporting,Apply integrated reporting,Apply key concepts of Integrated reporting within professional reporting,30,Medium
SBR,Advanced standards,Evaluate financial instruments,Evaluate key concepts of Financial instruments within advanced standards,45,Medium
SBR,Advanced standards,Compute leases and revenue,Compute key concepts of Leases and revenue within advanced standards,60,Low
SBR,Advanced standards,Analyse share-based payment,Analyse key concepts of Share-based payment within advanced standards,45,High
SBR,Group reporting,Understand complex groups,Understand key concepts of Complex groups within group reporting,60,High
SBR,Group reporting,Explain foreign operations,Explain key concepts of Foreign operations within group reporting,30,Medium
SBR,Group reporting,Apply associates and jvs,Apply key concepts of Associates and JVs within group reporting,45,Medium
SBR,Current issues,Evaluate sustainability & climate,Evaluate key concepts of Sustainability & climate within current issues,60,Low
SBR,Current issues,Compute alternative performance measures,Compute key concepts of Alternative performance measures within current issues,45,High
SBR,Current issues,Analyse digital reporting,Analyse key concepts of Digital reporting within current issues,60,High
SBR,Analysis & evaluation,Understand quality of earnings,Understand key concepts of Quality of earnings within analysis & evaluation,30,Medium
SBR,Analysis & evaluation,Explain investor perspective,Explain key concepts of Investor perspective within analysis & evaluation,45,Medium
SBR,Analysis & evaluation,Apply disclosure effectiveness,Apply key concepts of Disclosure effectiveness within analysis & evaluation,60,Low
SBR,Professional reporting,Evaluate ethics in reporting,Evaluate key concepts of Ethics in reporting within professional reporting,45,High
SBR,Professional reporting,Compute regulatory environment,Compute key concepts of Regulatory environment within professional reporting,60,High
SBR,Professional reporting,Analyse integrated reporting,Analyse key concepts of Integrated reporting within professional reporting,30,Medium
SBR,Advanced standards,Understand financial instruments,Understand key concepts of Financial instruments within advanced standards,45,Medium
SBR,Advanced standards,Explain leases and revenue,Explain key concepts of Leases and revenue within advanced standards,60,Low
SBR,Advanced standards,Apply share-based payment,Apply key concepts of Share-based payment within advanced standards,45,High
SBR,Group reporting,Evaluate complex groups,Evaluate key concepts of Complex groups within group reporting,60,High
SBR,Group reporting,Compute foreign operations,Compute key concepts of Foreign operations within group reporting,30,Medium
SBR,Group reporting,Analyse associates and jvs,Analyse key concepts of Associates and JVs within group reporting,45,Medium
SBR,Current issues,Understand sustainability & climate,Understand key concepts of Sustainability & climate within current issues,60,Low
SBR,Current issues,Explain alternative performance measures,Explain key concepts of Alternative performance measures within current issues,45,High
SBR,Current issues,Apply digital reporting,Apply key concepts of Digital reporting within current issues,60,High
SBR,Analysis & evaluation,Evaluate quality of earnings,Evaluate key concepts of Quality of earnings within analysis & evaluation,30,Medium
SBR,Analysis & evaluation,Compute investor perspective,Compute key concepts of Investor perspective within analysis & evaluation,45,Medium
SBR,Analysis & evaluation,Analyse disclosure effectiveness,Analyse key concepts of Disclosure effectiveness within analysis & evaluation,60,Low
SBR,Professional reporting,Understand ethics in reporting,Understand key concepts of Ethics in reporting within professional reporting,45,High
SBR,Professional reporting,Explain regulatory environment,Explain key concepts of Regulatory environment within professional reporting,60,High
SBR,Professional reporting,Apply integrated reporting,Apply key concepts of Integrated reporting within professional reporting,30,Medium
SBR,Advanced standards,Evaluate financial instruments,Evaluate key concepts of Financial instruments within advanced standards,45,Medium
SBR,Advanced standards,Compute leases and revenue,Compute key concepts of Leases and revenue within advanced standards,60,Low
SBR,Advanced standards,Analyse share-based payment,Analyse key concepts of Share-based payment within advanced standards,45,High
SBR,Group reporting,Understand complex groups,Understand key concepts of Complex groups within group reporting,60,High
SBR,Group reporting,Explain foreign operations,Explain key concepts of Foreign operations within group reporting,30,Medium
SBR,Group reporting,Apply associates and jvs,Apply key concepts of Associates and JVs within group reporting,45,Medium
SBR,Current issues,Evaluate sustainability & climate,Evaluate key concepts of Sustainability & climate within current issues,60,Low
AFM,Advanced investment appraisal,Understand real options,Understand key concepts of Real options within advanced investment appraisal,45,High
AFM,Advanced investment appraisal,Explain international projects,Explain key concepts of International projects within advanced investment appraisal,60,High
AFM,Advanced investment appraisal,Apply lease vs buy at scale,Apply key concepts of Lease vs buy at scale within advanced investment appraisal,30,Medium
AFM,Business valuations,Evaluate equity vs entity value,Evaluate key concepts of Equity vs entity value within business valuations,45,Medium
AFM,Business valuations,Compute free cash flow models,Compute key concepts of Free cash flow models within business valuations,60,Low
AFM,Business valuations,Analyse multiples and comparables,Analyse key concepts of Multiples and comparables within business valuations,45,High
AFM,Mergers and acquisitions,Understand synergies,Understand key concepts of Synergies within mergers and acquisitions,60,High
AFM,Mergers and acquisitions,Explain financing structures,Explain key concepts of Financing structures within mergers and acquisitions,30,Medium
AFM,Mergers and acquisitions,Apply defence tactics,Apply key concepts of Defence tactics within mergers and acquisitions,45,Medium
AFM,Risk management,Evaluate derivatives strategies,Evaluate key concepts of Derivatives strategies within risk management,60,Low
AFM,Risk management,Compute hedging policies,Compute key concepts of Hedging policies within risk management,45,High
AFM,Risk management,Analyse value at risk (intro),Analyse key concepts of Value at Risk (intro) within risk management,60,High
AFM,Treasury and governance,Understand policy frameworks,Understand key concepts of Policy frameworks within treasury and governance,30,Medium
AFM,Treasury and governance,Explain liquidity & covenants,Explain key concepts of Liquidity & covenants within treasury and governance,45,Medium
AFM,Treasury and governance,Apply ethics in corporate finance,Apply key concepts of Ethics in corporate finance within treasury and governance,60,Low
AFM,Advanced investment appraisal,Evaluate real options,Evaluate key concepts of Real options within advanced investment appraisal,45,High
AFM,Advanced investment appraisal,Compute international projects,Compute key concepts of International projects within advanced investment appraisal,60,High
AFM,Advanced investment appraisal,Analyse lease vs buy at scale,Analyse key concepts of Lease vs buy at scale within advanced investment appraisal,30,Medium
AFM,Business valuations,Understand equity vs entity value,Understand key concepts of Equity vs entity value within business valuations,45,Medium
AFM,Business valuations,Explain free cash flow models,Explain key concepts of Free cash flow models within business valuations,60,Low
AFM,Business valuations,Apply multiples and comparables,Apply key concepts of Multiples and comparables within business valuations,45,High
AFM,Mergers and acquisitions,Evaluate synergies,Evaluate key concepts of Synergies within mergers and acquisitions,60,High
AFM,Mergers and acquisitions,Compute financing structures,Compute key concepts of Financing structures within mergers and acquisitions,30,Medium
AFM,Mergers and acquisitions,Analyse defence tactics,Analyse key concepts of Defence tactics within mergers and acquisitions,45,Medium
AFM,Risk management,Understand derivatives strategies,Understand key concepts of Derivatives strategies within risk management,60,Low
AFM,Risk management,Explain hedging policies,Explain key concepts of Hedging policies within risk management,45,High
AFM,Risk management,Apply value at risk (intro),Apply key concepts of Value at Risk (intro) within risk management,60,High
AFM,Treasury and governance,Evaluate policy frameworks,Evaluate key concepts of Policy frameworks within treasury and governance,30,Medium
AFM,Treasury and governance,Compute liquidity & covenants,Compute key concepts of Liquidity & covenants within treasury and governance,45,Medium
AFM,Treasury and governance,Analyse ethics in corporate finance,Analyse key concepts of Ethics in corporate finance within treasury and governance,60,Low
AFM,Advanced investment appraisal,Understand real options,Understand key concepts of Real options within advanced investment appraisal,45,High
AFM,Advanced investment appraisal,Explain international projects,Explain key concepts of International projects within advanced investment appraisal,60,High
AFM,Advanced investment appraisal,Apply lease vs buy at scale,Apply key concepts of Lease vs buy at scale within advanced investment appraisal,30,Medium
AFM,Business valuations,Evaluate equity vs entity value,Evaluate key concepts of Equity vs entity value within business valuations,45,Medium
AFM,Business valuations,Compute free cash flow models,Compute key concepts of Free cash flow models within business valuations,60,Low
AFM,Business valuations,Analyse multiples and comparables,Analyse key concepts of Multiples and comparables within business valuations,45,High
AFM,Mergers and acquisitions,Understand synergies,Understand key concepts of Synergies within mergers and acquisitions,60,High
AFM,Mergers and acquisitions,Explain financing structures,Explain key concepts of Financing structures within mergers and acquisitions,30,Medium
AFM,Mergers and acquisitions,Apply defence tactics,Apply key concepts of Defence tactics within mergers and acquisitions,45,Medium
AFM,Risk management,Evaluate derivatives strategies,Evaluate key concepts of Derivatives strategies within risk management,60,Low
APM,Strategic performance management,Understand balanced scorecard,Understand key concepts of Balanced scorecard within strategic performance management,45,High
APM,Strategic performance management,Explain building kpis,Explain key concepts of Building KPIs within strategic performance management,60,High
APM,Strategic performance management,Apply strategic fit,Apply key concepts of Strategic fit within strategic performance management,30,Medium
APM,Performance measurement systems,Evaluate economic value added,Evaluate key concepts of Economic value added within performance measurement systems,45,Medium
APM,Performance measurement systems,Compute benchmarking,Compute key concepts of Benchmarking within performance measurement systems,60,Low
APM,Performance measurement systems,Analyse beyond budgeting,Analyse key concepts of Beyond budgeting within performance measurement systems,45,High
APM,Information systems,Understand big data & analytics,Understand key concepts of Big data & analytics within information systems,60,High
APM,Information systems,Explain bias & data quality,Explain key concepts of Bias & data quality within information systems,30,Medium
APM,Information systems,Apply dashboard design,Apply key concepts of Dashboard design within information systems,45,Medium
APM,"Risk, control & ethics",Evaluate performance risks,"Evaluate key concepts of Performance risks within risk, control & ethics",60,Low
APM,"Risk, control & ethics",Compute internal control implications,"Compute key concepts of Internal control implications within risk, control & ethics",45,High
APM,"Risk, control & ethics",Analyse ethical performance,"Analyse key concepts of Ethical performance within risk, control & ethics",60,High
APM,Exam technique,Understand scenario analysis,Understand key concepts of Scenario analysis within exam technique,30,Medium
APM,Exam technique,Explain professional skills,Explain key concepts of Professional skills within exam technique,45,Medium
APM,Exam technique,Apply report writing,Apply key concepts of Report writing within exam technique,60,Low
APM,Strategic performance management,Evaluate balanced scorecard,Evaluate key concepts of Balanced scorecard within strategic performance management,45,High
APM,Strategic performance management,Compute building kpis,Compute key concepts of Building KPIs within strategic performance management,60,High
APM,Strategic performance management,Analyse strategic fit,Analyse key concepts of Strategic fit within strategic performance management,30,Medium
APM,Performance measurement systems,Understand economic value added,Understand key concepts of Economic value added within performance measurement systems,45,Medium
APM,Performance measurement systems,Explain benchmarking,Explain key concepts of Benchmarking within performance measurement systems,60,Low
APM,Performance measurement systems,Apply beyond budgeting,Apply key concepts of Beyond budgeting within performance measurement systems,45,High
APM,Information systems,Evaluate big data & analytics,Evaluate key concepts of Big data & analytics within information systems,60,High
APM,Information systems,Compute bias & data quality,Compute key concepts of Bias & data quality within information systems,30,Medium
APM,Information systems,Analyse dashboard design,Analyse key concepts of Dashboard design within information systems,45,Medium
APM,"Risk, control & ethics",Understand performance risks,"Understand key concepts of Performance risks within risk, control & ethics",60,Low
APM,"Risk, control & ethics",Explain internal control implications,"Explain key concepts of Internal control implications within risk, control & ethics",45,High
APM,"Risk, control & ethics",Apply ethical performance,"Apply key concepts of Ethical performance within risk, control & ethics",60,High
APM,Exam technique,Evaluate scenario analysis,Evaluate key concepts of Scenario analysis within exam technique,30,Medium
APM,Exam technique,Compute professional skills,Compute key concepts of Professional skills within exam technique,45,Medium
APM,Exam technique,Analyse report writing,Analyse key concepts of Report writing within exam technique,60,Low
APM,Strategic performance management,Understand balanced scorecard,Understand key concepts of Balanced scorecard within strategic performance management,45,High
APM,Strategic performance management,Explain building kpis,Explain key concepts of Building KPIs within strategic performance management,60,High
APM,Strategic performance management,Apply strategic fit,Apply key concepts of Strategic fit within strategic performance management,30,Medium
APM,Performance measurement systems,Evaluate economic value added,Evaluate key concepts of Economic value added within performance measurement systems,45,Medium
APM,Performance measurement systems,Compute benchmarking,Compute key concepts of Benchmarking within performance measurement systems,60,Low
APM,Performance measurement systems,Analyse beyond budgeting,Analyse key concepts of Beyond budgeting within performance measurement systems,45,High
APM,Information systems,Understand big data & analytics,Understand key concepts of Big data & analytics within information systems,60,High
APM,Information systems,Explain bias & data quality,Explain key concepts of Bias & data quality within information systems,30,Medium
APM,Information systems,Apply dashboard design,Apply key concepts of Dashboard design within information systems,45,Medium
APM,"Risk, control & ethics",Evaluate performance risks,"Evaluate key concepts of Performance risks within risk, control & ethics",60,Low
ATX,Tax planning and ethics,Understand professional responsibilities,Understand key concepts of Professional responsibilities within tax planning and ethics,45,High
ATX,Tax planning and ethics,Explain anti-avoidance,Explain key concepts of Anti-avoidance within tax planning and ethics,60,High
ATX,Tax planning and ethics,Apply client advisory frameworks,Apply key concepts of Client advisory frameworks within tax planning and ethics,30,Medium
ATX,Individuals – advanced,Evaluate residence/remittance,Evaluate key concepts of Residence/remittance within individuals – advanced,45,Medium
ATX,Individuals – advanced,Compute savings and investments,Compute key concepts of Savings and investments within individuals – advanced,60,Low
ATX,Individuals – advanced,Analyse pensions and reliefs,Analyse key concepts of Pensions and reliefs within individuals – advanced,45,High
ATX,Companies – advanced,Understand group relief,Understand key concepts of Group relief within companies – advanced,60,High
ATX,Companies – advanced,Explain reorganisations,Explain key concepts of Reorganisations within companies – advanced,30,Medium
ATX,Companies – advanced,Apply international aspects,Apply key concepts of International aspects within companies – advanced,45,Medium
ATX,Capital taxes,Evaluate cgt planning,Evaluate key concepts of CGT planning within capital taxes,60,Low
ATX,Capital taxes,Compute iht basics (if in scope),Compute key concepts of IHT basics (if in scope) within capital taxes,45,High
ATX,Capital taxes,Analyse share schemes,Analyse key concepts of Share schemes within capital taxes,60,High
ATX,VAT – advanced issues,Understand partial exemption,Understand key concepts of Partial exemption within vat – advanced issues,30,Medium
ATX,VAT – advanced issues,Explain cross-border,Explain key concepts of Cross-border within vat – advanced issues,45,Medium
ATX,VAT – advanced issues,Apply special schemes,Apply key concepts of Special schemes within vat – advanced issues,60,Low
ATX,Tax planning and ethics,Evaluate professional responsibilities,Evaluate key concepts of Professional responsibilities within tax planning and ethics,45,High
ATX,Tax planning and ethics,Compute anti-avoidance,Compute key concepts of Anti-avoidance within tax planning and ethics,60,High
ATX,Tax planning and ethics,Analyse client advisory frameworks,Analyse key concepts of Client advisory frameworks within tax planning and ethics,30,Medium
ATX,Individuals – advanced,Understand residence/remittance,Understand key concepts of Residence/remittance within individuals – advanced,45,Medium
ATX,Individuals – advanced,Explain savings and investments,Explain key concepts of Savings and investments within individuals – advanced,60,Low
ATX,Individuals – advanced,Apply pensions and reliefs,Apply key concepts of Pensions and reliefs within individuals – advanced,45,High
ATX,Companies – advanced,Evaluate group relief,Evaluate key concepts of Group relief within companies – advanced,60,High
ATX,Companies – advanced,Compute reorganisations,Compute key concepts of Reorganisations within companies – advanced,30,Medium
ATX,Companies – advanced,Analyse international aspects,Analyse key concepts of International aspects within companies – advanced,45,Medium
ATX,Capital taxes,Understand cgt planning,Understand key concepts of CGT planning within capital taxes,60,Low
ATX,Capital taxes,Explain iht basics (if in scope),Explain key concepts of IHT basics (if in scope) within capital taxes,45,High
ATX,Capital taxes,Apply share schemes,Apply key concepts of Share schemes within capital taxes,60,High
ATX,VAT – advanced issues,Evaluate partial exemption,Evaluate key concepts of Partial exemption within vat – advanced issues,30,Medium
ATX,VAT – advanced issues,Compute cross-border,Compute key concepts of Cross-border within vat – advanced issues,45,Medium
ATX,VAT – advanced issues,Analyse special schemes,Analyse key concepts of Special schemes within vat – advanced issues,60,Low
ATX,Tax planning and ethics,Understand professional responsibilities,Understand key concepts of Professional responsibilities within tax planning and ethics,45,High
ATX,Tax planning and ethics,Explain anti-avoidance,Explain key concepts of Anti-avoidance within tax planning and ethics,60,High
ATX,Tax planning and ethics,Apply client advisory frameworks,Apply key concepts of Client advisory frameworks within tax planning and ethics,30,Medium
ATX,Individuals – advanced,Evaluate residence/remittance,Evaluate key concepts of Residence/remittance within individuals – advanced,45,Medium
ATX,Individuals – advanced,Compute savings and investments,Compute key concepts of Savings and investments within individuals – advanced,60,Low
ATX,Individuals – advanced,Analyse pensions and reliefs,Analyse key concepts of Pensions and reliefs within individuals – advanced,45,High
ATX,Companies – advanced,Understand group relief,Understand key concepts of Group relief within companies – advanced,60,High
ATX,Companies – advanced,Explain reorganisations,Explain key concepts of Reorganisations within companies – advanced,30,Medium
ATX,Companies – advanced,Apply international aspects,Apply key concepts of International aspects within companies – advanced,45,Medium
ATX,Capital taxes,Evaluate cgt planning,Evaluate key concepts of CGT planning within capital taxes,60,Low
AAA,Planning and risk at advanced level,Understand engagement quality,Understand key concepts of Engagement quality within planning and risk at advanced level,45,High
AAA,Planning and risk at advanced level,Explain complex risks,Explain key concepts of Complex risks within planning and risk at advanced level,60,High
AAA,Planning and risk at advanced level,Apply group scenarios,Apply key concepts of Group scenarios within planning and risk at advanced level,30,Medium
AAA,Evidence and procedures,Evaluate using experts,Evaluate key concepts of Using experts within evidence and procedures,45,Medium
AAA,Evidence and procedures,Compute sampling strategies,Compute key concepts of Sampling strategies within evidence and procedures,60,Low
AAA,Evidence and procedures,Analyse data analytics in audit,Analyse key concepts of Data analytics in audit within evidence and procedures,45,High
AAA,Group audits and components,Understand component auditors,Understand key concepts of Component auditors within group audits and components,60,High
AAA,Group audits and components,Explain intra-group issues,Explain key concepts of Intra-group issues within group audits and components,30,Medium
AAA,Group audits and components,Apply reporting to group,Apply key concepts of Reporting to group within group audits and components,45,Medium
AAA,Reporting and ethics,Evaluate modified opinions,Evaluate key concepts of Modified opinions within reporting and ethics,60,Low
AAA,Reporting and ethics,Compute kams,Compute key concepts of KAMs within reporting and ethics,45,High
AAA,Reporting and ethics,Analyse ethical conflicts,Analyse key concepts of Ethical conflicts within reporting and ethics,60,High
AAA,Current issues,Understand regulatory developments,Understand key concepts of Regulatory developments within current issues,30,Medium
AAA,Current issues,Explain technology in audit,Explain key concepts of Technology in audit within current issues,45,Medium
AAA,Current issues,Apply environmental assurance (intro),Apply key concepts of Environmental assurance (intro) within current issues,60,Low
AAA,Planning and risk at advanced level,Evaluate engagement quality,Evaluate key concepts of Engagement quality within planning and risk at advanced level,45,High
AAA,Planning and risk at advanced level,Compute complex risks,Compute key concepts of Complex risks within planning and risk at advanced level,60,High
AAA,Planning and risk at advanced level,Analyse group scenarios,Analyse key concepts of Group scenarios within planning and risk at advanced level,30,Medium
AAA,Evidence and procedures,Understand using experts,Understand key concepts of Using experts within evidence and procedures,45,Medium
AAA,Evidence and procedures,Explain sampling strategies,Explain key concepts of Sampling strategies within evidence and procedures,60,Low
AAA,Evidence and procedures,Apply data analytics in audit,Apply key concepts of Data analytics in audit within evidence and procedures,45,High
AAA,Group audits and components,Evaluate component auditors,Evaluate key concepts of Component auditors within group audits and components,60,High
AAA,Group audits and components,Compute intra-group issues,Compute key concepts of Intra-group issues within group audits and components,30,Medium
AAA,Group audits and components,Analyse reporting to group,Analyse key concepts of Reporting to group within group audits and components,45,Medium
AAA,Reporting and ethics,Understand modified opinions,Understand key concepts of Modified opinions within reporting and ethics,60,Low
AAA,Reporting and ethics,Explain kams,Explain key concepts of KAMs within reporting and ethics,45,High
AAA,Reporting and ethics,Apply ethical conflicts,Apply key concepts of Ethical conflicts within reporting and ethics,60,High
AAA,Current issues,Evaluate regulatory developments,Evaluate key concepts of Regulatory developments within current issues,30,Medium
AAA,Current issues,Compute technology in audit,Compute key concepts of Technology in audit within current issues,45,Medium
AAA,Current issues,Analyse environmental assurance (intro),Analyse key concepts of Environmental assurance (intro) within current issues,60,Low
AAA,Planning and risk at advanced level,Understand engagement quality,Understand key concepts of Engagement quality within planning and risk at advanced level,45,High
AAA,Planning and risk at advanced level,Explain complex risks,Explain key concepts of Complex risks within planning and risk at advanced level,60,High
AAA,Planning and risk at advanced level,Apply group scenarios,Apply key concepts of Group scenarios within planning and risk at advanced level,30,Medium
AAA,Evidence and procedures,Evaluate using experts,Evaluate key concepts of Using experts within evidence and procedures,45,Medium
AAA,Evidence and procedures,Compute sampling strategies,Compute key concepts of Sampling strategies within evidence and procedures,60,Low
AAA,Evidence and procedures,Analyse data analytics in audit,Analyse key concepts of Data analytics in audit within evidence and procedures,45,High
AAA,Group audits and components,Understand component auditors,Understand key concepts of Component auditors within group audits and components,60,High
AAA,Group audits and components,Explain intra-group issues,Explain key concepts of Intra-group issues within group audits and components,30,Medium
AAA,Group audits and components,Apply reporting to group,Apply key concepts of Reporting to group within group audits and components,45,Medium
AAA,Reporting and ethics,Evaluate modified opinions,Evaluate key concepts of Modified opinions within reporting and ethics,60,Low
